,sat_critical_reading_avg_score,sat_math_avg_score,sat_writing_avg_score,Total_1600,num_of_sat_test_takers,dbn,District,School_Num,school_name,Zip,Nhood,Med Income,Latitude,Longitude
0,355.0,404.0,363.0,759.0,29,01M292,01,M292,HENRY STREET SCHOOL FOR INTERNATIONAL STUDIES,10002,Lower East Side,30843,40.713684,-73.986336
1,383.0,423.0,366.0,806.0,91,01M448,01,M448,UNIVERSITY NEIGHBORHOOD HIGH SCHOOL,10002,Lower East Side,30843,40.712399,-73.984497
2,377.0,402.0,370.0,779.0,70,01M450,01,M450,EAST SIDE COMMUNITY SCHOOL,10009,East Village,56615,40.729589,-73.982555
3,414.0,401.0,359.0,815.0,7,01M458,01,M458,FORSYTH SATELLITE ACADEMY,10002,Chinatown,30843,40.72252,-73.990728
4,390.0,433.0,384.0,823.0,44,01M509,01,M509,MARTA VALLE HIGH SCHOOL,10002,Chinatown,30843,40.720581,-73.985645
5,332.0,557.0,316.0,889.0,112,01M515,01,M515,LOWER EAST SIDE PREPARATORY HIGH SCHOOL,10002,Chinatown,30843,40.720581,-73.985645
6,522.0,574.0,525.0,1096.0,159,01M539,01,M539,"NEW EXPLORATIONS INTO SCIENCE, TECHNOLOGY AND MATH HIGH SCHOOL",10002,Lower East Side,30843,40.718895,-73.979308
7,417.0,418.0,411.0,835.0,18,01M650,01,M650,CASCADES HIGH SCHOOL,10002,Chinatown,30843,40.72252,-73.990728
8,624.0,604.0,628.0,1228.0,130,01M696,01,M696,BARD HIGH SCHOOL EARLY COLLEGE,10002,Lower East Side,30843,40.719029,-73.975891
9,395.0,400.0,387.0,795.0,16,02M047,02,M047,47 THE AMERICAN SIGN LANGUAGE AND ENGLISH SECONDARY SCHOOL,10010,Gramercy,93702,40.738548,-73.982455
10,409.0,393.0,392.0,802.0,62,02M288,02,M288,FOOD AND FINANCE HIGH SCHOOL,10019,Clinton,84786,40.765184,-73.992953
11,394.0,384.0,378.0,778.0,53,02M294,02,M294,ESSEX STREET ACADEMY,10002,Chinatown,30843,40.716778,-73.989337
12,374.0,375.0,362.0,749.0,58,02M296,02,M296,HIGH SCHOOL OF HOSPITALITY MANAGEMENT,10019,Clinton,84786,40.765184,-73.992953
13,423.0,438.0,432.0,861.0,85,02M298,02,M298,PACE HIGH SCHOOL,10002,Chinatown,30843,40.716553,-73.993092
14,404.0,449.0,416.0,853.0,48,02M300,02,M300,"URBAN ASSEMBLY SCHOOL OF DESIGN AND CONSTRUCTION, THE",10019,Clinton,84786,40.765184,-73.992953
15,353.0,358.0,340.0,711.0,76,02M303,02,M303,"FACING HISTORY SCHOOL, THE",10019,Clinton,84786,40.765184,-73.992953
16,375.0,388.0,385.0,763.0,50,02M305,02,M305,"URBAN ASSEMBLY ACADEMY OF GOVERNMENT AND LAW, THE",10002,Chinatown,30843,40.716778,-73.989337
17,403.0,392.0,405.0,795.0,40,02M308,02,M308,LOWER MANHATTAN ARTS ACADEMY,10002,Chinatown,30843,40.716778,-73.989337
18,408.0,390.0,390.0,798.0,69,02M313,02,M313,"JAMES BALDWIN SCHOOL, THE: A SCHOOL FOR EXPEDITIONARY LEARNING",10011,Hudson Yards-Chelsea-Flatiron-Union Square,92359,40.742867,-74.002136
19,373.0,370.0,384.0,743.0,42,02M316,02,M316,"URBAN ASSEMBLY SCHOOL OF BUSINESS FOR YOUNG WOMEN, THE",10004,Battery Park City-Lower Manhattan,110183,40.70568,-74.013302
20,391.0,391.0,394.0,782.0,60,02M374,02,M374,GRAMERCY ARTS HIGH SCHOOL,10003,Gramercy,89998,40.735494,-73.987659
21,473.0,483.0,479.0,956.0,92,02M376,02,M376,NYC ISCHOOL,10013,SoHo-TriBeCa-Civic Center-Little Italy,69836,40.7244,-74.004625
22,,,,,s,02M392,02,M392,MANHATTAN BUSINESS ACADEMY,10011,Hudson Yards-Chelsea-Flatiron-Union Square,92359,40.742867,-74.002136
23,,,,,s,02M393,02,M393,BUSINESS OF SPORTS SCHOOL,10019,Clinton,84786,40.76337,-73.990593
24,319.0,512.0,357.0,831.0,79,02M394,02,M394,EMMA LAZARUS HIGH SCHOOL,10002,Chinatown,30843,40.716553,-73.993092
25,,,,,s,02M399,02,M399,THE HIGH SCHOOL FOR LANGUAGE AND DIPLOMACY,10003,Gramercy,89998,40.735494,-73.987659
26,465.0,493.0,461.0,958.0,263,02M400,02,M400,HIGH SCHOOL FOR ENVIRONMENTAL STUDIES,10019,Clinton,84786,40.767791,-73.987531
27,492.0,465.0,467.0,957.0,54,02M407,02,M407,INSTITUTE FOR COLLABORATIVE EDUCATION,10003,Gramercy,89998,40.732447,-73.983031
28,509.0,490.0,523.0,999.0,94,02M408,02,M408,PROFESSIONAL PERFORMING ARTS HIGH SCHOOL,10036,Clinton,62393,40.761448,-73.988019
29,496.0,563.0,518.0,1059.0,104,02M411,02,M411,BARUCH COLLEGE CAMPUS HIGH SCHOOL,10010,Hudson Yards-Chelsea-Flatiron-Union Square,93702,40.74193,-73.986521
30,537.0,590.0,550.0,1127.0,114,02M412,02,M412,N.Y.C. LAB SCHOOL FOR COLLABORATIVE STUDIES,10011,Hudson Yards-Chelsea-Flatiron-Union Square,92359,40.742129,-74.002198
31,517.0,533.0,515.0,1050.0,66,02M413,02,M413,SCHOOL OF THE FUTURE HIGH SCHOOL,10010,Gramercy,93702,40.738952,-73.985479
32,468.0,492.0,459.0,960.0,103,02M414,02,M414,N.Y.C. MUSEUM SCHOOL,10011,Hudson Yards-Chelsea-Flatiron-Union Square,92359,40.742129,-74.002198
33,572.0,594.0,592.0,1166.0,127,02M416,02,M416,ELEANOR ROOSEVELT HIGH SCHOOL,10021,Lenox Hill-Roosevelt Island,113800,40.770187,-73.953608
34,528.0,553.0,533.0,1081.0,144,02M418,02,M418,MILLENNIUM HIGH SCHOOL,10004,Battery Park City-Lower Manhattan,110183,40.704487,-74.011556
35,390.0,399.0,381.0,789.0,62,02M419,02,M419,LANDMARK HIGH SCHOOL,10011,Hudson Yards-Chelsea-Flatiron-Union Square,92359,40.742867,-74.002136
36,429.0,449.0,428.0,878.0,336,02M420,02,M420,HIGH SCHOOL FOR HEALTH PROFESSIONS AND HUMAN SERVICES,10003,Gramercy,89998,40.732447,-73.983031
37,416.0,426.0,391.0,842.0,84,02M425,02,M425,LEADERSHIP AND PUBLIC SERVICE HIGH SCHOOL,10006,Battery Park City-Lower Manhattan,111220,40.70873,-74.012332
38,,,,,s,02M427,02,M427,MANHATTAN ACADEMY FOR ARTS & LANGUAGE,10016,Murray Hill-Kips Bay,96760,40.746176,-73.981241
39,356.0,357.0,349.0,713.0,29,02M429,02,M429,LEGACY SCHOOL FOR INTEGRATED STUDIES,-,-,-,-,-
40,,,,,s,02M437,02,M437,HUDSON HIGH SCHOOL OF LEARNING TECHNOLOGIES,10011,Hudson Yards-Chelsea-Flatiron-Union Square,92359,40.742867,-74.002136
41,,,,,s,02M438,02,M438,INTERNATIONAL HIGH SCHOOL AT UNION SQUARE,10003,Gramercy,89998,40.735494,-73.987659
42,441.0,473.0,458.0,914.0,95,02M439,02,M439,MANHATTAN VILLAGE ACADEMY,10010,Hudson Yards-Chelsea-Flatiron-Union Square,93702,40.741497,-73.991512
43,378.0,365.0,368.0,743.0,59,02M440,02,M440,BAYARD RUSTIN EDUCATIONAL COMPLEX,-,-,-,-,-
44,395.0,416.0,388.0,811.0,72,02M449,02,M449,VANGUARD HIGH SCHOOL,10065,Lenox Hill-Roosevelt Island,108154,40.765359,-73.960059
45,376.0,460.0,391.0,836.0,49,02M459,02,M459,MANHATTAN INTERNATIONAL HIGH SCHOOL,10065,Lenox Hill-Roosevelt Island,108154,40.765359,-73.960059
46,373.0,387.0,360.0,760.0,151,02M460,02,M460,WASHINGTON IRVING HIGH SCHOOL,-,-,-,-,-
47,,,,,s,02M473,02,M473,WASHINGTON IRVING YABC,-,-,-,-,-
48,679.0,735.0,682.0,1414.0,832,02M475,02,M475,STUYVESANT HIGH SCHOOL,10282,Battery Park City-Lower Manhattan,-,40.71759,-74.013748
49,443.0,489.0,442.0,932.0,167,02M489,02,M489,HIGH SCHOOL OF ECONOMICS AND FINANCE,10006,Battery Park City-Lower Manhattan,111220,40.709196,-74.012022
50,370.0,349.0,351.0,719.0,25,02M500,02,M500,UNITY CENTER FOR URBAN TECHNOLOGIES,10016,Murray Hill-Kips Bay,96760,40.746176,-73.981241
51,469.0,472.0,475.0,941.0,81,02M519,02,M519,TALENT UNLIMITED HIGH SCHOOL,10065,Lenox Hill-Roosevelt Island,108154,40.765359,-73.960059
52,407.0,440.0,393.0,847.0,264,02M520,02,M520,MURRY BERGTRAUM HIGH SCHOOL FOR BUSINESS CAREERS,10038,Chinatown,55937,40.711442,-74.000851
53,414.0,425.0,400.0,839.0,131,02M529,02,M529,JACQUELINE KENNEDY ONASSIS HIGH SCHOOL,10036,Midtown-Midtown South,62393,40.757729,-73.983078
54,429.0,404.0,420.0,833.0,42,02M531,02,M531,REPERTORY COMPANY HIGH SCHOOL FOR THEATRE ARTS,10036,Midtown-Midtown South,62393,40.755843,-73.984382
55,336.0,378.0,344.0,714.0,66,02M542,02,M542,MANHATTAN BRIDGES HIGH SCHOOL,10019,Clinton,84786,40.765184,-73.992953
56,391.0,395.0,382.0,786.0,73,02M543,02,M543,NEW DESIGN HIGH SCHOOL,10002,Chinatown,30843,40.716778,-73.989337
57,389.0,371.0,335.0,760.0,14,02M544,02,M544,INDEPENDENCE HIGH SCHOOL,10019,Clinton,84786,40.768343,-73.989108
58,412.0,581.0,431.0,993.0,78,02M545,02,M545,HIGH SCHOOL FOR DUAL LANGUAGE AND ASIAN STUDIES,10002,Chinatown,30843,40.716778,-73.989337
59,368.0,436.0,352.0,804.0,26,02M550,02,M550,LIBERTY HIGH SCHOOL ACADEMY FOR NEWCOMERS,10011,Hudson Yards-Chelsea-Flatiron-Union Square,92359,40.741657,-73.999307
60,405.0,423.0,384.0,828.0,77,02M551,02,M551,THE URBAN ASSEMBLY NEW YORK HARBOR SCHOOL,10004,park-cemetery-etc-Manhattan,110183,40.701695,-74.011631
61,498.0,440.0,477.0,938.0,56,02M560,02,M560,HIGH SCHOOL M560 s CITY AS SCHOOL,10014,West Village,98449,40.729412,-74.006148
62,527.0,508.0,512.0,1035.0,30,02M565,02,M565,URBAN ACADEMY LABORATORY HIGH SCHOOL,10065,Lenox Hill-Roosevelt Island,108154,40.765359,-73.960059
63,350.0,337.0,345.0,687.0,33,02M570,02,M570,SATELLITE ACADEMY HIGH SCHOOL,10001,Midtown-Midtown South,71244,40.747621,-73.990454
64,345.0,517.0,343.0,862.0,121,02M575,02,M575,MANHATTAN COMPREHENSIVE NIGHT AND DAY HIGH SCHOOL,10003,Gramercy,89998,40.732716,-73.984665
65,408.0,384.0,403.0,792.0,84,02M580,02,M580,RICHARD R. GREEN HIGH SCHOOL OF TEACHING,10004,Battery Park City-Lower Manhattan,110183,40.705024,-74.012977
66,458.0,416.0,429.0,874.0,9,02M586,02,M586,HARVEY MILK HIGH SCHOOL,10003,West Village,89998,40.730038,-73.992632
67,423.0,423.0,411.0,846.0,335,02M600,02,M600,THE HIGH SCHOOL OF FASHION INDUSTRIES,10011,Hudson Yards-Chelsea-Flatiron-Union Square,92359,40.745156,-73.996074
68,426.0,403.0,426.0,829.0,36,02M605,02,M605,HUMANITIES PREPARATORY ACADEMY,10011,Hudson Yards-Chelsea-Flatiron-Union Square,92359,40.742867,-74.002136
69,399.0,418.0,390.0,817.0,83,02M615,02,M615,CHELSEA CAREER AND TECHNICAL EDUCATION HIGH SCHOOL,10013,SoHo-TriBeCa-Civic Center-Little Italy,69836,40.7244,-74.004625
70,370.0,379.0,359.0,749.0,154,02M620,02,M620,NORMAN THOMAS HIGH SCHOOL,-,-,-,-,-
71,395.0,382.0,376.0,777.0,191,02M625,02,M625,HIGH SCHOOL OF GRAPHIC COMMUNICATION ARTS,-,-,-,-,-
72,444.0,441.0,430.0,885.0,270,02M630,02,M630,ART AND DESIGN HIGH SCHOOL,10019,Turtle Bay-East Midtown,84786,40.75924,-73.967203
73,409.0,424.0,403.0,833.0,61,02M655,02,M655,LIFE SCIENCES SECONDARY SCHOOL,10128,Yorkville,105186,40.783625,-73.945637
74,406.0,379.0,408.0,785.0,27,03M283,03,M283,MANHATTAN THEATRE LAB HIGH SCHOOL,-,-,-,-,-
75,374.0,384.0,374.0,758.0,49,03M299,03,M299,"HIGH SCHOOL FOR ARTS, IMAGINATION AND INQUIRY",10023,Lincoln Square,108285,40.774351,-73.984753
76,384.0,390.0,370.0,774.0,41,03M307,03,M307,"URBAN ASSEMBLY SCHOOL FOR MEDIA STUDIES, THE",10023,Lincoln Square,108285,40.774351,-73.984753
77,,,,,s,03M402,03,M402,THE URBAN ASSEMBLY SCHOOL FOR GREEN CAREERS,10024,Upper West Side,110998,40.785803,-73.974614
78,,,,,s,03M403,03,M403,THE GLOBAL LEARNING COLLABORATIVE,10024,Upper West Side,110998,40.785803,-73.974614
79,416.0,403.0,381.0,819.0,12,03M404,03,M404,INNOVATION DIPLOMA PLUS,10024,Upper West Side,110998,40.785803,-73.974614
80,371.0,368.0,370.0,739.0,32,03M415,03,M415,WADLEIGH SECONDARY SCHOOL FOR THE PERFORMING & VISUAL ARTS,10026,Central Harlem South,31541,40.802207,-73.954142
81,,,,,s,03M417,03,M417,FRANK MCCOURT HIGH SCHOOL,10024,Upper West Side,110998,40.785803,-73.974614
82,370.0,390.0,358.0,760.0,131,03M470,03,M470,LOUIS D. BRANDEIS HIGH SCHOOL,-,-,-,-,-
83,577.0,575.0,592.0,1152.0,261,03M479,03,M479,BEACON HIGH SCHOOL,10036,Clinton,62393,40.761452,-73.995802
84,566.0,564.0,577.0,1130.0,531,03M485,03,M485,FIORELLO H. LAGUARDIA HIGH SCHOOL OF MUSIC & ART AND PERFORMING ARTS,10023,Lincoln Square,108285,40.773629,-73.985273
85,396.0,398.0,402.0,794.0,66,03M492,03,M492,"HIGH SCHOOL FOR LAW, ADVOCACY AND COMMUNITY JUSTICE",10023,Lincoln Square,108285,40.774351,-73.984753
86,433.0,433.0,411.0,866.0,75,03M494,03,M494,HIGH SCHOOL OF ARTS AND TECHNOLOGY,10023,Lincoln Square,108285,40.774351,-73.984753
87,401.0,369.0,351.0,770.0,35,03M505,03,M505,EDWARD A. REYNOLDS WEST SIDE HIGH SCHOOL,10025,Upper West Side,65001,40.797559,-73.966837
88,473.0,506.0,467.0,979.0,111,03M541,03,M541,MANHATTAN / HUNTER SCIENCE HIGH SCHOOL,10023,Lincoln Square,108285,40.774351,-73.984753
89,,,,,s,03M577,03,M577,YOUNG ADULT BOROUGH CENTER AT LOUIS D. BRANDEIS HS,-,-,-,-,-
90,356.0,379.0,361.0,735.0,43,03M860,03,M860,FREDERICK DOUGLASS ACADEMY II SECONDARY SCHOOL,10026,Central Harlem South,31541,40.802207,-73.954142
91,354.0,357.0,373.0,711.0,48,04M409,04,M409,COALITION SCHOOL FOR SOCIAL CHANGE,10035,East Harlem North,23301,40.798884,-73.933319
92,461.0,514.0,455.0,975.0,375,04M435,04,M435,MANHATTAN CENTER FOR SCIENCE AND MATHEMATICS,10029,East Harlem North,32876,40.793856,-73.934028
93,373.0,379.0,376.0,752.0,51,04M495,04,M495,PARK EAST HIGH SCHOOL,10029,East Harlem South,32876,40.790543,-73.944356
94,405.0,421.0,395.0,826.0,73,04M555,04,M555,CENTRAL PARK EAST HIGH SCHOOL,10029,East Harlem South,32876,40.793763,-73.949381
95,432.0,446.0,448.0,878.0,70,04M610,04,M610,YOUNG WOMEN'S LEADERSHIP SCHOOL,10029,East Harlem South,32876,40.792741,-73.947428
96,369.0,369.0,357.0,738.0,48,04M635,04,M635,ACADEMY OF ENVIRONMENTAL SCIENCE SECONDARY HIGH SCHOOL,-,-,-,-,-
97,358.0,351.0,345.0,709.0,31,04M680,04,M680,"HERITAGE SCHOOL, THE",10029,East Harlem South,32876,40.791881,-73.946558
98,357.0,318.0,333.0,675.0,29,05M285,05,M285,HARLEM RENAISSANCE HIGH SCHOOL,10035,Central Harlem North-Polo Grounds,23301,40.807987,-73.940061
99,413.0,399.0,398.0,812.0,54,05M304,05,M304,MOTT HALL HIGH SCHOOL,10030,Central Harlem North-Polo Grounds,28525,40.817372,-73.947712
100,,,,,s,05M362,05,M362,"COLUMBIA SECONDARY SCHOOL FOR MATH, SCIENCE, AND ENGINEERING",10027,Morningside Heights,38550,40.810431,-73.955809
101,354.0,366.0,342.0,720.0,33,05M367,05,M367,ACADEMY FOR SOCIAL ACTION: A COLLEGE BOARD SCHOOL,10027,Manhattanville,38550,40.815256,-73.955325
102,360.0,353.0,364.0,713.0,56,05M369,05,M369,URBAN ASSEMBLY SCHOOL FOR THE PERFORMING ARTS,10027,Manhattanville,38550,40.815256,-73.955325
103,354.0,360.0,385.0,714.0,20,05M469,05,M469,CHOIR ACADEMY OF HARLEM,-,-,-,-,-
104,458.0,474.0,442.0,932.0,214,05M499,05,M499,FREDERICK DOUGLASS ACADEMY,10039,Central Harlem North-Polo Grounds,28691,40.824319,-73.93712
105,396.0,402.0,404.0,798.0,66,05M670,05,M670,THURGOOD MARSHALL ACADEMY FOR LEARNING AND SOCIAL CHANGE,10030,Central Harlem North-Polo Grounds,28525,40.815509,-73.944202
106,369.0,361.0,355.0,730.0,61,05M685,05,M685,BREAD & ROSES INTEGRATED ARTS HIGH SCHOOL,-,-,-,-,-
107,605.0,654.0,588.0,1259.0,101,05M692,05,M692,"HIGH SCHOOL FOR MATHEMATICS, SCIENCE AND ENGINEERING AT CITY COLLEGE",10031,Manhattanville,31526,40.82074,-73.949097
108,408.0,446.0,416.0,854.0,60,06M293,06,M293,CITY COLLEGE ACADEMY OF THE ARTS,10040,Washington Heights North,37107,40.86079,-73.930672
109,362.0,376.0,367.0,738.0,55,06M346,06,M346,COMMUNITY HEALTH ACADEMY OF THE HEIGHTS,10032,Washington Heights South,29535,40.833687,-73.942072
110,380.0,395.0,399.0,775.0,70,06M348,06,M348,WASHINGTON HEIGHTS EXPEDITIONARY LEARNING SCHOOL,10033,Washington Heights North,36462,40.848908,-73.930948
111,,,,,s,06M423,06,M423,HIGH SCHOOL FOR EXCELLENCE AND INNOVATION,10034,Marble Hill-Inwood,37865,40.866053,-73.924835
112,394.0,357.0,346.0,751.0,7,06M457,06,M457,GEORGE WASHINGTON YABC,-,-,-,-,-
113,365.0,384.0,378.0,749.0,76,06M462,06,M462,HIGH SCHOOL FOR INTERNATIONAL BUSINESS AND FINANCE,10040,Washington Heights North,37107,40.855954,-73.927051
114,369.0,380.0,349.0,749.0,63,06M463,06,M463,HIGH SCHOOL FOR MEDIA AND COMMUNICATIONS,10040,Washington Heights North,37107,40.855954,-73.927051
115,363.0,378.0,361.0,741.0,94,06M467,06,M467,HIGH SCHOOL FOR LAW AND PUBLIC SERVICE,10040,Washington Heights North,37107,40.855954,-73.927051
116,400.0,422.0,402.0,822.0,24,06M468,06,M468,HIGH SCHOOL FOR HEALTH CAREERS AND SCIENCES,10040,Washington Heights North,37107,40.855954,-73.927051
117,430.0,456.0,423.0,886.0,228,06M540,06,M540,A. PHILIP RANDOLPH CAMPUS HIGH SCHOOL,10031,Manhattanville,31526,40.818188,-73.950356
118,339.0,349.0,326.0,688.0,56,06M552,06,M552,GREGORIO LUPERON HIGH SCHOOL FOR SCIENCE AND MATHEMATICS,10032,Washington Heights South,29535,40.838167,-73.938642
119,364.0,378.0,348.0,742.0,65,07X221,07,X221,SOUTH BRONX PREPARATORY: A COLLEGE BOARD SCHOOL,10454,Mott Haven-Port Morris,18024,40.813983,-73.920782
120,379.0,364.0,382.0,743.0,9,07X321,07,X321,CROTONA ACADEMY HIGH SCHOOL,-,-,-,-,-
121,310.0,324.0,311.0,634.0,34,07X334,07,X334,INTERNATIONAL COMMUNITY HIGH SCHOOL,10454,Mott Haven-Port Morris,18024,40.81004,-73.917792
122,,,,,s,07X379,07,X379,JILL CHAIFETZ TRANSFER HIGH SCHOOL,10456,Melrose South-Mott Haven North,21955,40.818874,-73.905927
123,,,,,s,07X381,07,X381,BRONX HAVEN HIGH SCHOOL,10451,Melrose South-Mott Haven North,22970,40.818232,-73.919867
124,361.0,359.0,357.0,720.0,43,07X427,07,X427,COMMUNITY SCHOOL FOR SOCIAL JUSTICE,10451,West Concourse,22970,40.815938,-73.930386
125,351.0,375.0,371.0,726.0,63,07X473,07,X473,MOTT HAVEN VILLAGE PREPARATORY HIGH SCHOOL,10455,Melrose South-Mott Haven North,22828,40.81825,-73.91103
126,403.0,394.0,404.0,797.0,79,07X495,07,X495,UNIVERSITY HEIGHTS SECONDARY SCHOOL,10455,Melrose South-Mott Haven North,22828,40.81825,-73.91103
127,420.0,426.0,411.0,846.0,66,07X500,07,X500,HOSTOSsLINCOLN ACADEMY OF SCIENCE,10455,Melrose South-Mott Haven North,22828,40.815498,-73.91224
128,399.0,396.0,391.0,795.0,64,07X520,07,X520,FOREIGN LANGUAGE ACADEMY OF GLOBAL STUDIES,-,-,-,-,-
129,362.0,378.0,363.0,740.0,62,07X527,07,X527,BRONX LEADERSHIP ACADEMY II HIGH SCHOOL,10451,East Concourse-Concourse Village,22970,40.82231,-73.923829
130,367.0,356.0,361.0,723.0,28,07X547,07,X547,NEW EXPLORERS HIGH SCHOOL,10451,East Concourse-Concourse Village,22970,40.82231,-73.923829
131,387.0,411.0,383.0,798.0,44,07X548,07,X548,URBAN ASSEMBLY SCHOOL FOR CAREERS IN SPORTS,10451,East Concourse-Concourse Village,22970,40.82231,-73.923829
132,413.0,381.0,407.0,794.0,51,07X551,07,X551,BRONX ACADEMY OF LETTERS,10451,Mott Haven-Port Morris,22970,40.813641,-73.925313
133,394.0,400.0,364.0,794.0,76,07X600,07,X600,ALFRED E. SMITH CAREER AND TECHNICAL EDUCATION HIGH SCHOOL,10451,Melrose South-Mott Haven North,22970,40.818232,-73.919867
134,398.0,416.0,370.0,814.0,47,07X655,07,X655,SAMUEL GOMPERS CAREER AND TECHNICAL EDUCATION HIGH SCHOOL,-,-,-,-,-
135,363.0,368.0,364.0,731.0,114,07X670,07,X670,HEALTH OPPORTUNITIES HIGH SCHOOL,10451,West Concourse,22970,40.815938,-73.930386
136,,,,,s,08X269,08,X269,BRONX STUDIO SCHOOL FOR WRITERS AND ARTISTS,10459,Hunts Point,22843,40.820579,-73.893128
137,407.0,386.0,378.0,793.0,44,08X282,08,X282,WOMEN'S ACADEMY OF EXCELLENCE,10473,Soundview-Castle Hill-Clason Point-Harding Park,36132,40.814833,-73.85658
138,384.0,385.0,389.0,769.0,52,08X293,08,X293,RENAISSANCE HIGH SCHOOL FOR MUSICAL THEATER & TECHNOLOGY,10461,Schuylerville-Throgs Neck-Edgewater Park,47715,40.840702,-73.838545
139,416.0,390.0,394.0,806.0,41,08X295,08,X295,GATEWAY SCHOOL FOR ENVIRONMENTAL RESEARCH AND TECHNOLOGY,-,-,-,-,-
140,337.0,361.0,340.0,698.0,67,08X305,08,X305,PABLO NERUDA ACADEMY FOR ARCHITECTURE AND WORLD STUDIES,-,-,-,-,-
141,387.0,402.0,375.0,789.0,67,08X312,08,X312,MILLENNIUM ART ACADEMY,10473,Soundview-Castle Hill-Clason Point-Harding Park,36132,40.82229,-73.856167
142,363.0,371.0,350.0,734.0,39,08X332,08,X332,HOLCOMBE L. RUCKER SCHOOL OF COMMUNITY RESEARCH,10459,Longwood,22843,40.817512,-73.898212
143,,,,,s,08X367,08,X367,"ARCHIMEDES ACADEMY FOR MATH, SCIENCE AND TECHNOLOGY APPLICATIONS",10473,Soundview-Castle Hill-Clason Point-Harding Park,36132,40.814833,-73.85658
144,,,,,s,08X376,08,X376,"ANTONIA PANTOJA PREPARATORY ACADEMY, A COLLEGE BOARD SCHOOL",10473,Soundview-Castle Hill-Clason Point-Harding Park,36132,40.82229,-73.856167
145,367.0,369.0,376.0,736.0,9,08X377,08,X377,BRONX COMMUNITY HIGH SCHOOL,10473,Soundview-Castle Hill-Clason Point-Harding Park,36132,40.82229,-73.856167
146,412.0,436.0,393.0,848.0,415,08X405,08,X405,HERBERT H. LEHMAN HIGH SCHOOL,10461,Schuylerville-Throgs Neck-Edgewater Park,47715,40.840702,-73.838545
147,402.0,373.0,413.0,775.0,6,08X408,08,X408,HERBERT H. LEHMAN YABC,-,-,-,-,-
148,,,,,s,08X432,08,X432,BRONX BRIDGES HIGH SCHOOL,10473,Soundview-Castle Hill-Clason Point-Harding Park,36132,40.82229,-73.856167
149,369.0,371.0,365.0,740.0,39,08X452,08,X452,BRONX GUILD,10473,Soundview-Castle Hill-Clason Point-Harding Park,36132,40.82229,-73.856167
150,,,,,s,08X507,08,X507,STEVENSON YABC,-,-,-,-,-
151,373.0,370.0,356.0,743.0,68,08X519,08,X519,"FELISA RINCON DE GAUTIER INSTITUTE FOR LAW AND PUBLIC POLICY, THE",10473,Soundview-Castle Hill-Clason Point-Harding Park,36132,40.821146,-73.881479
152,373.0,381.0,377.0,754.0,54,08X530,08,X530,BANANA KELLY HIGH SCHOOL,10459,Longwood,22843,40.817512,-73.898212
153,,,,,s,08X537,08,X537,BRONX ARENA HIGH SCHOOL,10473,Soundview-Castle Hill-Clason Point-Harding Park,36132,40.821146,-73.881479
154,366.0,400.0,368.0,766.0,16,08X540,08,X540,SCHOOL FOR COMMUNITY RESEARCH AND LEARNING,-,-,-,-,-
155,404.0,368.0,399.0,772.0,9,08X560,08,X560,HIGH SCHOOL X560 s BRONX ACADEMY HIGH SCHOOL,-,-,-,-,-
156,377.0,359.0,376.0,736.0,78,08X650,08,X650,JANE ADDAMS HIGH SCHOOL FOR ACADEMIC CAREERS,-,-,-,-,-
157,324.0,376.0,349.0,700.0,39,09X227,09,X227,BRONX EXPEDITIONARY LEARNING HIGH SCHOOL,10457,East Concourse-Concourse Village,25474,40.840422,-73.91091
158,373.0,387.0,374.0,760.0,78,09X231,09,X231,EAGLE ACADEMY FOR YOUNG MEN,10457,Claremont-Bathgate,25474,40.844958,-73.89705
159,372.0,355.0,357.0,727.0,33,09X239,09,X239,"URBAN ASSEMBLY ACADEMY FOR HISTORY AND CITIZENSHIP FOR YOUNG MEN, THE",-,-,-,-,-
160,411.0,464.0,415.0,875.0,80,09X241,09,X241,"URBAN ASSEMBLY SCHOOL FOR APPLIED MATH AND SCIENCE, THE",10457,Claremont-Bathgate,25474,40.839244,-73.901316
161,393.0,394.0,382.0,787.0,50,09X250,09,X250,EXIMIUS COLLEGE PREPARATORY ACADEMY: A COLLEGE BOARD SCHOOL,10456,Claremont-Bathgate,21955,40.833665,-73.902499
162,369.0,367.0,356.0,736.0,67,09X252,09,X252,MOTT HALL BRONX HIGH SCHOOL,10457,Claremont-Bathgate,25474,40.839244,-73.901316
163,459.0,480.0,457.0,939.0,81,09X260,09,X260,BRONX CENTER FOR SCIENCE AND MATHEMATICS,10456,Claremont-Bathgate,21955,40.833665,-73.902499
164,356.0,363.0,356.0,719.0,74,09X263,09,X263,VALIDUS PREPARATORY ACADEMY: AN EXPEDITIONARY LEARNING SCHOOL,10457,Claremont-Bathgate,25474,40.839244,-73.901316
165,361.0,353.0,367.0,714.0,30,09X276,09,X276,LEADERSHIP INSTITUTE,-,-,-,-,-
166,386.0,386.0,376.0,772.0,38,09X297,09,X297,MORRIS ACADEMY FOR COLLABORATIVE STUDIES,10456,Morrisania-Melrose,21955,40.827642,-73.904473
167,,,,,s,09X324,09,X324,BRONX EARLY COLLEGE ACADEMY FOR TEACHING & LEARNING,10456,East Concourse-Concourse Village,21955,40.828696,-73.917668
168,382.0,365.0,391.0,747.0,51,09X329,09,X329,DREAMYARD PREPARATORY SCHOOL,10457,East Concourse-Concourse Village,25474,40.840422,-73.91091
169,315.0,339.0,297.0,654.0,54,09X365,09,X365,ACADEMY FOR LANGUAGE AND TECHNOLOGY,10453,University Heights-Morris Heights,26324,40.849623,-73.91607
170,314.0,312.0,339.0,626.0,49,09X403,09,X403,BRONX INTERNATIONAL HIGH SCHOOL,10456,Morrisania-Melrose,21955,40.827642,-73.904473
171,363.0,360.0,351.0,723.0,32,09X404,09,X404,SCHOOL FOR EXCELLENCE,10456,Morrisania-Melrose,21955,40.827642,-73.904473
172,356.0,376.0,351.0,732.0,34,09X412,09,X412,BRONX HIGH SCHOOL OF BUSINESS,10457,East Concourse-Concourse Village,25474,40.840422,-73.91091
173,400.0,419.0,402.0,819.0,64,09X413,09,X413,BRONX HIGH SCHOOL FOR MEDICAL SCIENCE,10457,East Concourse-Concourse Village,25474,40.840422,-73.91091
174,379.0,364.0,379.0,743.0,35,09X414,09,X414,JONATHAN LEVIN HIGH SCHOOL FOR MEDIA AND COMMUNICATIONS,-,-,-,-,-
175,404.0,418.0,402.0,822.0,80,09X505,09,X505,"BRONX SCHOOL FOR LAW, GOVERNMENT AND JUSTICE",10451,East Concourse-Concourse Village,22970,40.827607,-73.918681
176,368.0,384.0,369.0,752.0,50,09X517,09,X517,FREDERICK DOUGLASS ACADEMY III SECONDARY SCHOOL,10456,Claremont-Bathgate,21955,40.833511,-73.90449
177,384.0,394.0,388.0,778.0,114,09X525,09,X525,BRONX LEADERSHIP ACADEMY HIGH SCHOOL,10457,Claremont-Bathgate,25474,40.843588,-73.903236
178,353.0,315.0,371.0,668.0,27,09X543,09,X543,HIGH SCHOOL FOR VIOLIN AND DANCE,10456,Morrisania-Melrose,21955,40.827642,-73.904473
179,438.0,455.0,440.0,893.0,113,10X141,10,X141,RIVERDALE / KINGSBRIDGE ACADEMY (MIDDLE SCHOOL / HIGH SCHOOL 141),10463,North Riverdale-Fieldston-Riverdale,52301,40.888338,-73.913486
180,373.0,412.0,365.0,785.0,86,10X213,10,X213,BRONX ENGINEERING AND TECHNOLOGY ACADEMY,10463,Marble Hill-Inwood,52301,40.877105,-73.912256
181,405.0,391.0,394.0,796.0,59,10X225,10,X225,THEATRE ARTS PRODUCTION COMPANY SCHOOL,10457,Mount Hope,25474,40.854493,-73.896717
182,382.0,393.0,382.0,775.0,79,10X237,10,X237,"THE MARIE CURIE SCHOOL FOR MEDICINE, NURSING, AND HEALTH PROFESSIONS",10463,Van Cortlandt Village,52301,40.875911,-73.901099
183,382.0,406.0,370.0,788.0,26,10X243,10,X243,WEST BRONX ACADEMY FOR THE FUTURE,10458,Belmont,25642,40.860043,-73.888267
184,304.0,356.0,302.0,660.0,52,10X268,10,X268,KINGSBRIDGE INTERNATIONAL HIGH SCHOOL,10468,Van Cortlandt Village,28765,40.870293,-73.898309
185,402.0,395.0,385.0,797.0,54,10X284,10,X284,BRONX SCHOOL OF LAW AND FINANCE,10463,Marble Hill-Inwood,52301,40.877105,-73.912256
186,,,,,s,10X319,10,X319,PROVIDING URBAN LEARNERS SUCCESS IN EDUCATION HIGH SCHOOL,10457,East Tremont,25474,40.8486,-73.893654
187,300.0,333.0,301.0,633.0,49,10X342,10,X342,INTERNATIONAL SCHOOL FOR LIBERAL ARTS,10468,Van Cortlandt Village,28765,40.870293,-73.898309
188,390.0,408.0,383.0,798.0,111,10X368,10,X368,INsTECH ACADEMY (M.S. / HIGH SCHOOL 368),10463,Spuyten Duyvil-Kingsbridge,52301,40.879368,-73.909896
189,392.0,401.0,387.0,793.0,61,10X374,10,X374,KNOWLEDGE AND POWER PREPARATORY ACADEMY INTERNATIONAL HIGH SCHOOL (KAPPA),10458,Belmont,25642,40.860043,-73.888267
190,343.0,356.0,330.0,699.0,38,10X397,10,X397,ENGLISH LANGUAGE LEARNERS AND INTERNATIONAL SUPPORT PREPARATORY ACADEMY (ELLIS),10463,Marble Hill-Inwood,52301,40.877105,-73.912256
191,370.0,371.0,365.0,741.0,57,10X433,10,X433,HIGH SCHOOL FOR TEACHING AND THE PROFESSIONS,10468,Van Cortlandt Village,28765,40.870293,-73.898309
192,404.0,418.0,400.0,822.0,51,10X434,10,X434,BELMONT PREPARATORY HIGH SCHOOL,10458,Belmont,25642,40.860043,-73.888267
193,355.0,350.0,372.0,705.0,48,10X437,10,X437,FORDHAM HIGH SCHOOL FOR THE ARTS,10458,Belmont,25642,40.860043,-73.888267
194,367.0,385.0,367.0,752.0,63,10X438,10,X438,FORDHAM LEADERSHIP ACADEMY FOR BUSINESS AND TECHNOLOGY,10458,Belmont,25642,40.860043,-73.888267
195,366.0,364.0,352.0,730.0,65,10X439,10,X439,BRONX HIGH SCHOOL FOR LAW AND COMMUNITY SERVICE,10458,Belmont,25642,40.860043,-73.888267
196,419.0,426.0,410.0,845.0,443,10X440,10,X440,DEWITT CLINTON HIGH SCHOOL,10468,Van Cortlandt Village,28765,40.882178,-73.88691
197,423.0,420.0,427.0,843.0,52,10X442,10,X442,"CELIA CRUZ BRONX HIGH SCHOOL OF MUSIC, THE",10468,Van Cortlandt Village,28765,40.870293,-73.898309
198,632.0,688.0,649.0,1320.0,731,10X445,10,X445,BRONX HIGH SCHOOL OF SCIENCE,10468,Van Cortlandt Village,28765,40.87759,-73.89104
199,351.0,362.0,339.0,713.0,109,10X475,10,X475,JOHN F. KENNEDY HIGH SCHOOL,-,-,-,-,-
200,414.0,435.0,414.0,849.0,99,10X477,10,X477,MARBLE HILL HIGH SCHOOL FOR INTERNATIONAL STUDIES,10463,Marble Hill-Inwood,52301,40.877105,-73.912256
201,,,,,s,10X478,10,X478,LEARNING TO WORK GED AT JOHN F. KENNEDY,-,-,-,-,-
202,348.0,362.0,354.0,710.0,68,10X546,10,X546,BRONX THEATRE HIGH SCHOOL,10463,Marble Hill-Inwood,52301,40.877105,-73.912256
203,372.0,379.0,364.0,751.0,55,10X549,10,X549,DISCOVERY HIGH SCHOOL,10468,Van Cortlandt Village,28765,40.870293,-73.898309
204,362.0,382.0,356.0,744.0,73,10X660,10,X660,GRACE DODGE CAREER AND TECHNICAL EDUCATION HIGH SCHOOL,-,-,-,-,-
205,350.0,356.0,317.0,706.0,10,10X667,10,X667,GRACE DODGE YABC,-,-,-,-,-
206,636.0,648.0,636.0,1284.0,92,10X696,10,X696,HIGH SCHOOL OF AMERICAN STUDIES AT LEHMAN COLLEGE,10468,Van Cortlandt Village,28765,40.873938,-73.895382
207,370.0,381.0,382.0,751.0,74,11X249,11,X249,BRONX HEALTH SCIENCES HIGH SCHOOL,10475,Co-op City,47895,40.874091,-73.833904
208,400.0,357.0,390.0,757.0,46,11X253,11,X253,BRONX HIGH SCHOOL FOR WRITING AND COMMUNICATION ARTS,10467,Williamsbridge-Olinville,35375,40.875953,-73.86197
209,377.0,391.0,367.0,768.0,81,11X265,11,X265,BRONX LAB SCHOOL,10467,Williamsbridge-Olinville,35375,40.875953,-73.86197
210,386.0,394.0,361.0,780.0,56,11X270,11,X270,ACADEMY FOR SCHOLARSHIP AND ENTREPRENEURSHIP: A COLLEGE BOARD SCHOOL,10466,Williamsbridge-Olinville,48469,40.887831,-73.852694
211,381.0,376.0,354.0,757.0,72,11X275,11,X275,HIGH SCHOOL OF COMPUTERS AND TECHNOLOGY,10467,Williamsbridge-Olinville,35375,40.875953,-73.86197
212,444.0,471.0,433.0,915.0,97,11X288,11,X288,COLLEGIATE INSTITUTE FOR MATH AND SCIENCE,10469,Bronxdale,57183,40.859665,-73.861006
213,387.0,365.0,383.0,752.0,69,11X290,11,X290,BRONX ACADEMY OF HEALTH CAREERS,10467,Williamsbridge-Olinville,35375,40.875953,-73.86197
214,387.0,391.0,391.0,778.0,60,11X299,11,X299,ASTOR COLLEGIATE ACADEMY,10469,Bronxdale,57183,40.859665,-73.861006
215,367.0,361.0,353.0,728.0,121,11X415,11,X415,CHRISTOPHER COLUMBUS HIGH SCHOOL,-,-,-,-,-
216,,,,,s,11X417,11,X417,YOUNG ADULT BOROUGH CNTR CHRISTOPHER COLUMBUS HS,-,-,-,-,-
217,419.0,433.0,416.0,852.0,48,11X418,11,X418,BRONX HIGH SCHOOL FOR THE VISUAL ARTS,10462,Pelham Parkway,46085,40.851405,-73.865036
218,386.0,397.0,368.0,783.0,189,11X455,11,X455,HARRY S TRUMAN HIGH SCHOOL,10475,Co-op City,47895,40.874091,-73.833904
219,,,,,s,11X456,11,X456,LEARNING TO WORK YABC AT TRUMAN HIGH SCHOOL,-,-,-,-,-
220,332.0,381.0,335.0,713.0,72,11X513,11,X513,NEW WORLD HIGH SCHOOL,10466,Williamsbridge-Olinville,48469,40.887831,-73.852694
221,377.0,372.0,363.0,749.0,48,11X514,11,X514,THE BRONXWOOD PREPARATORY ACADEMY,10466,Williamsbridge-Olinville,48469,40.887831,-73.852694
222,372.0,382.0,375.0,754.0,57,11X541,11,X541,GLOBAL ENTERPRISE HIGH SCHOOL,-,-,-,-,-
223,431.0,438.0,419.0,869.0,76,11X542,11,X542,PELHAM PREPARATORY ACADEMY,10469,Bronxdale,57183,40.859665,-73.861006
224,383.0,378.0,365.0,761.0,55,11X544,11,X544,HIGH SCHOOL FOR CONTEMPORARY ARTS,10467,Williamsbridge-Olinville,35375,40.875953,-73.86197
225,388.0,393.0,382.0,781.0,46,11X545,11,X545,BRONX AEROSPACE HIGH SCHOOL,10467,Williamsbridge-Olinville,35375,40.875953,-73.86197
226,348.0,344.0,354.0,692.0,25,12X245,12,X245,NEW DAY ACADEMY,-,-,-,-,-
227,347.0,367.0,341.0,714.0,49,12X248,12,X248,"METROPOLITAN HIGH SCHOOL, THE",10459,Longwood,22843,40.827315,-73.897612
228,381.0,381.0,360.0,762.0,57,12X251,12,X251,EXPLORATIONS ACADEMY,10460,Crotona Park East,23644,40.8359,-73.890458
229,361.0,353.0,360.0,714.0,30,12X262,12,X262,PERFORMANCE CONSERVATORY HIGH SCHOOL,-,-,-,-,-
230,408.0,432.0,411.0,840.0,36,12X267,12,X267,BRONX LATIN,10456,Longwood,21955,40.827743,-73.900105
231,366.0,378.0,358.0,744.0,46,12X271,12,X271,EAST BRONX ACADEMY FOR THE FUTURE,10460,Crotona Park East,23644,40.836356,-73.888361
232,390.0,401.0,364.0,791.0,34,12X278,12,X278,PEACE AND DIVERSITY ACADEMY,-,-,-,-,-
233,321.0,351.0,298.0,672.0,30,12X388,12,X388,PAN AMERICAN INTERNATIONAL HIGH SCHOOL AT MONROE,10472,West Farms-Bronx River,32631,40.831601,-73.878912
234,,,,,s,12X428,12,X428,LEARNING TO WORK YABC AT MONROE ACADEMY,-,-,-,-,-
235,380.0,372.0,349.0,752.0,14,12X446,12,X446,ARTURO A. SCHOMBURG SATELLITE ACADEMY BRONX,10459,Longwood,22843,40.823532,-73.898872
236,,,,,s,12X478,12,X478,THE CINEMA SCHOOL,10472,West Farms-Bronx River,32631,40.831416,-73.877785
237,,,,,s,12X479,12,X479,BRONX CAREER AND COLLEGE PREPARATORY HIGH SCHOOL,10456,Longwood,21955,40.827743,-73.900105
238,398.0,385.0,398.0,783.0,16,12X480,12,X480,BRONX REGIONAL HIGH SCHOOL,10459,Longwood,22843,40.823532,-73.898872
239,304.0,323.0,312.0,627.0,42,12X550,12,X550,HIGH SCHOOL OF WORLD CULTURES,10472,West Farms-Bronx River,32631,40.831601,-73.878912
240,342.0,346.0,341.0,688.0,72,12X682,12,X682,FANNIE LOU HAMER FREEDOM HIGH SCHOOL,10460,Crotona Park East,23644,40.83087,-73.88626
241,378.0,374.0,362.0,752.0,66,12X684,12,X684,WINGS ACADEMY,10460,East Tremont,23644,40.841794,-73.875366
242,375.0,387.0,376.0,762.0,31,12X690,12,X690,MONROE ACADEMY FOR BUSINESS/LAW,-,-,-,-,-
243,332.0,357.0,349.0,689.0,43,12X692,12,X692,MONROE ACADEMY FOR VISUAL ARTS & DESIGN,-,-,-,-,-
244,352.0,349.0,373.0,701.0,29,13K265,13,K265,DR. SUSAN S. MCKINNEY SECONDARY SCHOOL OF THE ARTS,11205,Fort Greene,42903,40.696324,-73.97578
245,439.0,374.0,418.0,813.0,9,13K336,13,K336,ACADEMY OF BUSINESS AND COMMUNITY DEVELOPMENT,-,-,-,-,-
246,360.0,364.0,356.0,724.0,52,13K350,13,K350,URBAN ASSEMBLY HIGH SCHOOL OF MUSIC AND ART,11201,DUMBO-Vinegar Hill-Downtown Brooklyn-Boerum Hill,92174,40.697339,-73.985016
247,375.0,355.0,384.0,730.0,37,13K412,13,K412,"BROOKLYN COMMUNITY HIGH SCHOOL OF COMMUNICATION, ARTS AND MEDIA",11205,Clinton Hill,42903,40.692642,-73.958794
248,399.0,417.0,395.0,816.0,92,13K419,13,K419,"SCIENCE SKILLS CENTER HIGH SCHOOL FOR SCIENCE, TECHNOLOGY AND THE CREATIVE ARTS",11201,DUMBO-Vinegar Hill-Downtown Brooklyn-Boerum Hill,92174,40.697339,-73.985016
249,587.0,659.0,587.0,1246.0,1277,13K430,13,K430,BROOKLYN TECHNICAL HIGH SCHOOL,11217,Fort Greene,72610,40.688834,-73.976905
250,305.0,364.0,312.0,669.0,90,13K439,13,K439,BROOKLYN INTERNATIONAL HIGH SCHOOL,11201,DUMBO-Vinegar Hill-Downtown Brooklyn-Boerum Hill,92174,40.697339,-73.985016
251,400.0,417.0,389.0,817.0,105,13K483,13,K483,THE URBAN ASSEMBLY SCHOOL FOR LAW AND JUSTICE,11201,DUMBO-Vinegar Hill-Downtown Brooklyn-Boerum Hill,92174,40.694682,-73.988853
252,384.0,364.0,368.0,748.0,72,13K499,13,K499,ACORN COMMUNITY HIGH SCHOOL,11238,Crown Heights North,61468,40.678488,-73.962105
253,400.0,390.0,403.0,790.0,29,13K509,13,K509,FREEDOM ACADEMY HIGH SCHOOL,-,-,-,-,-
254,,,,,s,13K527,13,K527,URBAN ASSEMBLY INSTITUTE OF MATH AND SCIENCE FOR YOUNG WOMEN,11201,DUMBO-Vinegar Hill-Downtown Brooklyn-Boerum Hill,92174,40.694682,-73.988853
255,435.0,383.0,379.0,818.0,8,13K553,13,K553,BROOKLYN ACADEMY HIGH SCHOOL,11216,Bedford,37290,40.685004,-73.947152
256,398.0,391.0,394.0,789.0,13,13K575,13,K575,BEDFORD STUYVESANT PREPARATORY HIGH SCHOOL,11216,Bedford,37290,40.685004,-73.947152
257,438.0,443.0,431.0,881.0,89,13K595,13,K595,BEDFORD ACADEMY HIGH SCHOOL,11216,Bedford,37290,40.68538,-73.954302
258,406.0,391.0,392.0,797.0,85,13K605,13,K605,GEORGE WESTINGHOUSE CAREER AND TECHNICAL EDUCATION HIGH SCHOOL,11201,DUMBO-Vinegar Hill-Downtown Brooklyn-Boerum Hill,92174,40.694926,-73.986015
259,,,,,s,13K616,13,K616,BROOKLYN HIGH SCHOOL FOR LEADERSHIP AND COMMUNITY SERVICE,11205,Clinton Hill,42903,40.692642,-73.958794
260,471.0,472.0,448.0,943.0,185,13K670,13,K670,BENJAMIN BANNEKER ACADEMY,11205,Clinton Hill,42903,40.695332,-73.969243
261,441.0,499.0,413.0,940.0,20,13K674,13,K674,"CITY POLYTECHNIC HIGH SCHOOL OF ENGINEERING, ARCHITECTURE, AND TECHNOLOGY",11201,DUMBO-Vinegar Hill-Downtown Brooklyn-Boerum Hill,92174,40.694926,-73.986015
262,365.0,361.0,359.0,726.0,102,14K071,14,K071,JUAN MOREL CAMPOS SECONDARY SCHOOL,11206,Williamsburg,26439,40.703624,-73.953146
263,,,,,s,14K322,14,K322,FOUNDATIONS ACADEMY,-,-,-,-,-
264,387.0,357.0,381.0,744.0,68,14K404,14,K404,ACADEMY FOR YOUNG WRITERS,-,-,-,-,-
265,586.0,584.0,570.0,1170.0,72,14K449,14,K449,"BROOKLYN LATIN SCHOOL, THE",11206,East Williamsburg,26439,40.709941,-73.943641
266,407.0,386.0,396.0,793.0,41,14K454,14,K454,GREEN SCHOOL: AN ACADEMY FOR ENVIRONMENTAL CAREERS,11206,East Williamsburg,26439,40.709941,-73.943641
267,364.0,379.0,371.0,743.0,144,14K474,14,K474,PROGRESS HIGH SCHOOL FOR PROFESSIONAL CAREERS,11211,Bushwick South,37632,40.712184,-73.939722
268,413.0,396.0,395.0,809.0,134,14K477,14,K477,SCHOOL FOR LEGAL STUDIES,11211,Bushwick South,37632,40.712184,-73.939722
269,398.0,421.0,396.0,819.0,142,14K478,14,K478,"THE HIGH SCHOOL FOR ENTERPRISE, BUSINESS AND TECHNOLOGY",11211,Bushwick South,37632,40.712184,-73.939722
270,367.0,373.0,350.0,740.0,42,14K488,14,K488,BROOKLYN PREPARATORY HIGH SCHOOL,11211,North Side-South Side,37632,40.715073,-73.954754
271,363.0,385.0,364.0,748.0,72,14K558,14,K558,WILLIAMSBURG HIGH SCHOOL FOR ARCHITECTURE AND DESIGN,11211,North Side-South Side,37632,40.715073,-73.954754
272,397.0,410.0,380.0,807.0,113,14K561,14,K561,WILLIAMSBURG PREPARATORY SCHOOL,11211,North Side-South Side,37632,40.715073,-73.954754
273,371.0,377.0,355.0,748.0,31,14K586,14,K586,LYONS COMMUNITY SCHOOL,11206,East Williamsburg,26439,40.709941,-73.943641
274,367.0,376.0,350.0,743.0,94,14K610,14,K610,AUTOMOTIVE HIGH SCHOOL,11222,North Side-South Side,54366,40.721981,-73.953281
275,382.0,372.0,368.0,754.0,12,14K632,14,K632,FRANCES PERKINS ACADEMY,-,-,-,-,-
276,359.0,335.0,341.0,694.0,28,14K685,14,K685,EL PUENTE ACADEMY FOR PEACE AND JUSTICE,11211,Williamsburg,37632,40.705898,-73.955611
277,,,,,s,14K923,14,K923,AUTOMOTIVE HIGH SCHOOL YABC,-,-,-,-,-
278,361.0,367.0,383.0,728.0,52,15K429,15,K429,BROOKLYN SCHOOL FOR GLOBAL STUDIES,11201,DUMBO-Vinegar Hill-Downtown Brooklyn-Boerum Hill,92174,40.685419,-73.993351
279,393.0,399.0,387.0,792.0,76,15K448,15,K448,BROOKLYN SECONDARY SCHOOL FOR COLLABORATIVE STUDIES,11231,Carroll Gardens-Columbia Street-Red Hook,73074,40.68007,-74.001377
280,398.0,411.0,394.0,809.0,59,15K462,15,K462,SECONDARY SCHOOL FOR LAW,11215,Park Slope-Gowanus,81331,40.669629,-73.979287
281,397.0,391.0,381.0,788.0,58,15K463,15,K463,SECONDARY SCHOOL FOR JOURNALISM,11215,Park Slope-Gowanus,81331,40.669629,-73.979287
282,379.0,416.0,380.0,795.0,72,15K464,15,K464,PARK SLOPE COLLEGIATE,11215,Park Slope-Gowanus,81331,40.669629,-73.979287
283,405.0,415.0,392.0,820.0,64,15K497,15,K497,SCHOOL FOR INTERNATIONAL STUDIES,11201,DUMBO-Vinegar Hill-Downtown Brooklyn-Boerum Hill,92174,40.685419,-73.993351
284,398.0,402.0,385.0,800.0,77,15K519,15,K519,COBBLE HILL SCHOOL OF AMERICAN STUDIES,11201,DUMBO-Vinegar Hill-Downtown Brooklyn-Boerum Hill,92174,40.684524,-73.990993
285,352.0,341.0,300.0,693.0,9,15K520,15,K520,PACIFIC HIGH SCHOOL,-,-,-,-,-
286,,,,,s,15K529,15,K529,WEST BROOKLYN COMMUNITY HIGH SCHOOL,11219,Sunset Park East,34969,40.642834,-73.992948
287,368.0,365.0,368.0,733.0,28,15K530,15,K530,METROPOLITAN CORPORATE ACADEMY HIGH SCHOOL,-,-,-,-,-
288,426.0,421.0,411.0,847.0,141,15K656,15,K656,BROOKLYN HIGH SCHOOL OF THE ARTS,11217,DUMBO-Vinegar Hill-Downtown Brooklyn-Boerum Hill,72610,40.683559,-73.98027
289,,,,,s,15K667,15,K667,SUNSET PARK HIGH SCHOOL,11232,Sunset Park West,34807,40.65571,-74.005197
290,430.0,416.0,425.0,846.0,8,15K698,15,K698,SOUTH BROOKLYN COMMUNITY HIGH SCHOOL,11231,Carroll Gardens-Columbia Street-Red Hook,73074,40.677969,-74.014363
291,355.0,355.0,358.0,710.0,20,16K393,16,K393,FREDERICK DOUGLASS ACADEMY IV SECONDARY SCHOOL,-,-,-,-,-
292,365.0,370.0,362.0,735.0,131,16K455,16,K455,BOYS AND GIRLS HIGH SCHOOL,11213,Crown Heights North,35084,40.67944,-73.932407
293,362.0,372.0,358.0,734.0,46,16K498,16,K498,BROOKLYN HIGH SCHOOL FOR LAW AND TECHNOLOGY,11221,Stuyvesant Heights,34005,40.688831,-73.920906
294,370.0,372.0,351.0,742.0,36,16K594,16,K594,GOTHAM PROFESSIONAL ARTS ACADEMY,11233,Stuyvesant Heights,35422,40.680463,-73.922264
295,,,,,s,16K688,16,K688,THE BROOKLYN ACADEMY OF GLOBAL FINANCE,11221,Stuyvesant Heights,34005,40.691274,-73.933697
296,396.0,374.0,369.0,770.0,59,17K382,17,K382,ACADEMY FOR COLLEGE PREPARATION AND CAREER EXPLORATION: A COLLEGE BOARD SCHOOL,11226,Erasmus,38763,40.649787,-73.95855
297,352.0,342.0,351.0,694.0,57,17K408,17,K408,ACADEMY OF HOSPITALITY AND TOURISM,11226,Erasmus,38763,40.649787,-73.95855
298,,,,,s,17K467,17,K467,ERASMUS YABC,-,-,-,-,-
299,394.0,364.0,334.0,758.0,7,17K489,17,K489,W.E.B. DUBOIS ACADEMIC HIGH SCHOOL,11225,Crown Heights South,39782,40.6701,-73.954972
300,287.0,335.0,291.0,622.0,71,17K524,17,K524,INTERNATIONAL HIGH SCHOOL AT PROSPECT HEIGHTS,11225,Crown Heights South,39782,40.670349,-73.961695
301,403.0,385.0,388.0,788.0,46,17K528,17,K528,THE HIGH SCHOOL FOR GLOBAL CITIZENSHIP,11225,Crown Heights South,39782,40.670349,-73.961695
302,348.0,381.0,359.0,729.0,35,17K531,17,K531,"SCHOOL FOR HUMAN RIGHTS, THE",11203,Prospect Lefferts Gardens-Wingate,47788,40.658893,-73.942458
303,377.0,404.0,372.0,781.0,38,17K533,17,K533,SCHOOL FOR DEMOCRACY AND LEADERSHIP,-,-,-,-,-
304,338.0,349.0,340.0,687.0,73,17K537,17,K537,HIGH SCHOOL FOR YOUTH AND COMMUNITY DEVELOPMENT AT ERASMUS,11226,Erasmus,38763,40.649787,-73.95855
305,362.0,375.0,368.0,737.0,61,17K539,17,K539,HIGH SCHOOL FOR SERVICE & LEARNING AT ERASMUS,11226,Erasmus,38763,40.649787,-73.95855
306,457.0,462.0,441.0,919.0,69,17K543,17,K543,"SCIENCE, TECHNOLOGY AND RESEARCH EARLY COLLEGE HIGH SCHOOL AT ERASMUS",11226,Erasmus,38763,40.649787,-73.95855
307,386.0,391.0,369.0,777.0,54,17K544,17,K544,INTERNATIONAL ARTS BUSINESS SCHOOL,-,-,-,-,-
308,418.0,441.0,414.0,859.0,79,17K546,17,K546,HIGH SCHOOL FOR PUBLIC SERVICE: HEROES OF TOMORROW,11203,Prospect Lefferts Gardens-Wingate,47788,40.658893,-73.942458
309,388.0,382.0,373.0,770.0,63,17K547,17,K547,BROOKLYN ACADEMY OF SCIENCE AND THE ENVIRONMENT,11225,Crown Heights South,39782,40.670349,-73.961695
310,385.0,393.0,373.0,778.0,48,17K548,17,K548,BROOKLYN SCHOOL FOR MUSIC & THEATRE,11225,Crown Heights South,39782,40.670349,-73.961695
311,372.0,356.0,335.0,728.0,16,17K568,17,K568,BROWNSVILLE ACADEMY HIGH SCHOOL,11212,Brownsville,27911,40.666518,-73.924057
312,476.0,481.0,479.0,957.0,165,17K590,17,K590,MEDGAR EVERS COLLEGE PREPARATORY SCHOOL,11225,Crown Heights South,39782,40.667195,-73.951167
313,425.0,413.0,413.0,838.0,259,17K600,17,K600,CLARA BARTON HIGH SCHOOL,11225,Crown Heights South,39782,40.669567,-73.961962
314,365.0,363.0,355.0,728.0,53,17K625,17,K625,PAUL ROBESON HIGH SCHOOL,-,-,-,-,-
315,,,,,s,17K751,17,K751,ACADEMY FOR HEALTH CAREERS,11213,Crown Heights North,35084,40.675612,-73.938843
316,313.0,320.0,330.0,633.0,56,18K563,18,K563,IT TAKES A VILLAGE ACADEMY,11203,Rugby-Remsen Village,47788,40.648657,-73.922171
317,374.0,377.0,394.0,751.0,29,18K566,18,K566,BROOKLYN GENERATION SCHOOL,11236,Canarsie,59567,40.633285,-73.916735
318,383.0,358.0,377.0,741.0,54,18K567,18,K567,BROOKLYN THEATRE ARTS HIGH SCHOOL,11236,Canarsie,59567,40.633285,-73.916735
319,368.0,378.0,346.0,746.0,43,18K569,18,K569,KURT HAHN EXPEDITIONARY LEARNING SCHOOL,11203,Rugby-Remsen Village,47788,40.648657,-73.922171
320,387.0,377.0,379.0,764.0,63,18K576,18,K576,VICTORY COLLEGIATE HIGH SCHOOL,11236,Canarsie,59567,40.633285,-73.916735
321,384.0,362.0,351.0,746.0,17,18K578,18,K578,BROOKLYN BRIDGE ACADEMY,11236,Canarsie,59567,40.633285,-73.916735
322,361.0,360.0,359.0,721.0,48,18K589,18,K589,ARTS & MEDIA PREPARATORY ACADEMY,-,-,-,-,-
323,404.0,393.0,386.0,797.0,37,18K617,18,K617,HIGH SCHOOL FOR INNOVATION IN ADVERTISING AND MEDIA,11236,Canarsie,59567,40.641474,-73.898254
324,393.0,395.0,381.0,788.0,33,18K629,18,K629,CULTURAL ACADEMY FOR THE ARTS AND SCIENCES,11203,Rugby-Remsen Village,47788,40.648657,-73.922171
325,386.0,380.0,393.0,766.0,75,18K633,18,K633,HIGH SCHOOL FOR MEDICAL PROFESSIONS,11236,Canarsie,59567,40.641474,-73.898254
326,400.0,370.0,370.0,770.0,7,18K635,18,K635,OLYMPUS ACADEMY,11236,Starrett City,59567,40.645685,-73.8989
327,363.0,381.0,367.0,744.0,35,18K637,18,K637,ACADEMY FOR CONSERVATION AND THE ENVIRONMENT,11236,Canarsie,59567,40.633285,-73.916735
328,376.0,385.0,374.0,761.0,40,18K642,18,K642,URBAN ACTION ACADEMY,11236,Canarsie,59567,40.641474,-73.898254
329,410.0,403.0,378.0,813.0,12,18K673,18,K673,EAST BROOKLYN COMMUNITY HIGH SCHOOL,11212,Rugby-Remsen Village,27911,40.65911,-73.920368
330,416.0,432.0,394.0,848.0,54,19K409,19,K409,EAST NEW YORK FAMILY ACADEMY,11207,East New York,34729,40.661072,-73.886942
331,,,,,s,19K420,19,K420,FRANKLIN K. LANE HIGH SCHOOL,-,-,-,-,-
332,,,,,s,19K431,19,K431,THOMAS JEFFERSON YABC,-,-,-,-,-
333,341.0,349.0,333.0,690.0,37,19K502,19,K502,FDNY HIGH SCHOOL FOR FIRE AND LIFE SAFETY,11207,East New York (Pennsylvania Ave),34729,40.667456,-73.894747
334,363.0,349.0,342.0,712.0,47,19K504,19,K504,HIGH SCHOOL FOR CIVIL RIGHTS,11207,East New York (Pennsylvania Ave),34729,40.667456,-73.894747
335,380.0,386.0,383.0,766.0,61,19K507,19,K507,PERFORMING ARTS AND TECHNOLOGY HIGH SCHOOL,11207,East New York (Pennsylvania Ave),34729,40.667456,-73.894747
336,371.0,365.0,370.0,736.0,68,19K510,19,K510,WORLD ACADEMY FOR TOTAL COMMUNITY HEALTH HIGH SCHOOL,11207,East New York (Pennsylvania Ave),34729,40.667456,-73.894747
337,279.0,322.0,286.0,601.0,29,19K583,19,K583,MULTICULTURAL HIGH SCHOOL,11208,park-cemetery-etc-Brooklyn,33875,40.691146,-73.868328
338,395.0,418.0,380.0,813.0,182,19K615,19,K615,TRANSIT TECH CAREER AND TECHNICAL EDUCATION HIGH SCHOOL,11208,East New York,33875,40.678276,-73.87596
339,371.0,371.0,354.0,742.0,60,19K618,19,K618,ACADEMY OF INNOVATIVE TECHNOLOGY,11208,park-cemetery-etc-Brooklyn,33875,40.691146,-73.868328
340,360.0,385.0,363.0,745.0,57,19K639,19,K639,BROOKLYN LAB SCHOOL,11208,park-cemetery-etc-Brooklyn,33875,40.691146,-73.868328
341,376.0,385.0,368.0,761.0,51,19K659,19,K659,CYPRESS HILLS COLLEGIATE PREPARATORY SCHOOL,11208,park-cemetery-etc-Brooklyn,33875,40.691146,-73.868328
342,370.0,369.0,363.0,739.0,74,19K660,19,K660,W. H. MAXWELL CAREER AND TECHNICAL EDUCATION HIGH SCHOOL,11207,East New York (Pennsylvania Ave),34729,40.674135,-73.89643
343,383.0,400.0,374.0,783.0,38,19K683,19,K683,"THE SCHOOL FOR CLASSICS: AN ACADEMY OF THINKERS, WRITERS AND PERFORMERS",11208,East New York,33875,40.670724,-73.874208
344,402.0,471.0,399.0,873.0,456,20K445,20,K445,NEW UTRECHT HIGH SCHOOL,11214,Bensonhurst West,35963,40.613262,-74.003404
345,425.0,474.0,424.0,899.0,238,20K485,20,K485,HIGH SCHOOL OF TELECOMMUNICATION ARTS AND TECHNOLOGY,11220,Bay Ridge,37030,40.637282,-74.023849
346,417.0,478.0,411.0,895.0,694,20K490,20,K490,FORT HAMILTON HIGH SCHOOL,11209,Bay Ridge,56906,40.627835,-74.040046
347,383.0,486.0,375.0,869.0,385,20K505,20,K505,FRANKLIN DELANO ROOSEVELT HIGH SCHOOL,11204,Borough Park,42763,40.620446,-73.981795
348,,,,,s,20K609,20,K609,THE URBAN ASSEMBLY SCHOOL FOR CRIMINAL JUSTICE,11204,Borough Park,42763,40.634875,-73.981528
349,338.0,477.0,316.0,815.0,18,20K658,20,K658,FRANKLIN DELANO ROOSEVELT YABC,-,-,-,-,-
350,326.0,386.0,314.0,712.0,54,21K337,21,K337,INTERNATIONAL HIGH SCHOOL AT LAFAYETTE,11214,Gravesend,35963,40.594291,-73.98577
351,402.0,427.0,408.0,829.0,54,21K344,21,K344,RACHEL CARSON HIGH SCHOOL FOR COASTAL STUDIES,11224,West Brighton,34958,40.582533,-73.973132
352,388.0,398.0,378.0,786.0,39,21K348,21,K348,HIGH SCHOOL OF SPORTS MANAGEMENT,11214,Gravesend,35963,40.594291,-73.98577
353,396.0,437.0,393.0,833.0,475,21K410,21,K410,ABRAHAM LINCOLN HIGH SCHOOL,11235,West Brighton,44729,40.581681,-73.967308
354,,,,,s,21K412/21K411,21,K412,ABRAHAM LINCOLN YABC/LEARNING TO WORK GED AT ABRAHAM LINCOLN,-,-,-,-,-
355,,,,,s,21K468,21,K468,KINGSBOROUGH EARLY COLLEGE SCHOOL,11214,Gravesend,35963,40.594291,-73.98577
356,468.0,496.0,467.0,964.0,727,21K525,21,K525,EDWARD R. MURROW HIGH SCHOOL,11230,Midwood,47496,40.620525,-73.959285
357,404.0,468.0,390.0,872.0,448,21K540,21,K540,JOHN DEWEY HIGH SCHOOL,11223,Gravesend,39420,40.589268,-73.981738
358,384.0,375.0,365.0,759.0,40,21K559,21,K559,LIFE ACADEMY HIGH SCHOOL FOR FILM AND MUSIC,11214,Gravesend,35963,40.594291,-73.98577
359,353.0,370.0,356.0,723.0,40,21K572,21,K572,EXPEDITIONARY LEARNING SCHOOL FOR COMMUNITY LEADERS,11214,Gravesend,35963,40.594291,-73.98577
360,394.0,414.0,376.0,808.0,95,21K620,21,K620,WILLIAM E. GRADY CAREER AND TECHNICAL EDUCATION HIGH SCHOOL,11235,Brighton Beach,44729,40.582585,-73.963477
361,429.0,449.0,435.0,878.0,119,21K690,21,K690,BROOKLYN STUDIO SECONDARY SCHOOL,11214,Bensonhurst West,35963,40.604879,-73.994404
362,411.0,369.0,373.0,780.0,10,21K728,21,K728,LIBERATION DIPLOMA PLUS,11224,Seagate-Coney Island,34958,40.577208,-73.985953
363,478.0,519.0,476.0,997.0,824,22K405,22,K405,MIDWOOD HIGH SCHOOL,11210,Flatbush,55000,40.633237,-73.952929
364,436.0,475.0,439.0,911.0,518,22K425,22,K425,JAMES MADISON HIGH SCHOOL,11229,Madison,49910,40.609912,-73.948512
365,383.0,392.0,370.0,775.0,236,22K495,22,K495,SHEEPSHEAD BAY HIGH SCHOOL,-,-,-,-,-
366,524.0,561.0,542.0,1085.0,259,22K535,22,K535,LEON M. GOLDSTEIN HIGH SCHOOL FOR THE SCIENCES,11235,Sheepshead Bay-Gerritsen Beach-Manhattan Beach,44729,40.580894,-73.935952
367,456.0,456.0,440.0,912.0,131,22K555,22,K555,BROOKLYN COLLEGE ACADEMY,11218,Windsor Terrace,48010,40.649404,-73.971736
368,389.0,409.0,387.0,798.0,60,23K493,23,K493,BROOKLYN COLLEGIATE: A COLLEGE BOARD SCHOOL,11233,Ocean Hill,35422,40.674103,-73.913273
369,361.0,371.0,359.0,732.0,55,23K514,23,K514,FREDERICK DOUGLASS ACADEMY VII HIGH SCHOOL,11212,Brownsville,27911,40.665878,-73.911705
370,349.0,338.0,331.0,687.0,11,23K643,23,K643,BROOKLYN DEMOCRACY ACADEMY,11212,Brownsville,27911,40.656068,-73.907245
371,311.0,371.0,311.0,682.0,7,23K646,23,K646,ASPIRATIONS DIPLOMA PLUS HIGH SCHOOL,11233,Ocean Hill,35422,40.67715,-73.903953
372,350.0,346.0,332.0,696.0,17,23K647,23,K647,METROPOLITAN DIPLOMA PLUS HIGH SCHOOL,11212,Brownsville,27911,40.656068,-73.907245
373,392.0,416.0,388.0,808.0,69,23K697,23,K697,TEACHERS PREPARATORY HIGH SCHOOL,11212,Brownsville,27911,40.665878,-73.911705
374,405.0,454.0,421.0,859.0,89,24Q264,24,Q264,ACADEMY OF FINANCE AND ENTERPRISE,11101,Hunters Point-Sunnyside-West Maspeth,39955,40.745095,-73.936635
375,406.0,413.0,400.0,819.0,39,24Q267,24,Q267,HIGH SCHOOL OF APPLIED COMMUNICATION,11101,Hunters Point-Sunnyside-West Maspeth,39955,40.745095,-73.936635
376,404.0,429.0,407.0,833.0,69,24Q293,24,Q293,CIVIC LEADERSHIP ACADEMY,11373,Elmhurst,44301,40.74373,-73.870642
377,317.0,323.0,311.0,640.0,55,24Q296,24,Q296,PAN AMERICAN INTERNATIONAL HIGH SCHOOL,11373,Elmhurst,44301,40.74373,-73.870642
378,545.0,568.0,550.0,1113.0,155,24Q299,24,Q299,BARD HIGH SCHOOL EARLY COLLEGE II,11101,Hunters Point-Sunnyside-West Maspeth,39955,40.745095,-73.936635
379,383.0,440.0,380.0,823.0,320,24Q455,24,Q455,NEWTOWN HIGH SCHOOL,11373,Elmhurst,44301,40.741122,-73.874721
380,,,,,s,24Q457,24,Q457,YOUNG ADULT BOROUGH CENTER AT ARTS AND BUSINESS HS,-,-,-,-,-
381,395.0,420.0,396.0,815.0,241,24Q485,24,Q485,GROVER CLEVELAND HIGH SCHOOL,11385,Ridgewood,47469,40.711033,-73.908814
382,399.0,393.0,385.0,792.0,58,24Q520,24,Q520,MIDDLE COLLEGE HIGH SCHOOL AT LAGUARDIA COMMUNITY COLLEGE,11101,Hunters Point-Sunnyside-West Maspeth,39955,40.744412,-73.93364
383,326.0,409.0,329.0,735.0,69,24Q530,24,Q530,INTERNATIONAL HIGH SCHOOL AT LAGUARDIA COMMUNITY COLLEGE,11101,Hunters Point-Sunnyside-West Maspeth,39955,40.744412,-73.93364
384,391.0,403.0,380.0,794.0,138,24Q550,24,Q550,HIGH SCHOOL FOR ARTS AND BUSINESS,11368,Corona,43962,40.737427,-73.853178
385,443.0,447.0,440.0,890.0,80,24Q560,24,Q560,"ROBERT F. WAGNER, JR. SECONDARY SCHOOL FOR ARTS AND TECHNOLOGY",11101,Hunters Point-Sunnyside-West Maspeth,39955,40.742839,-73.936782
386,417.0,447.0,406.0,864.0,155,24Q600,24,Q600,QUEENS VOCATIONAL AND TECHNICAL HIGH SCHOOL,11101,Hunters Point-Sunnyside-West Maspeth,39955,40.742205,-73.928219
387,445.0,496.0,423.0,941.0,396,24Q610,24,Q610,AVIATION CAREER & TECHNICAL EDUCATION HIGH SCHOOL,11101,Hunters Point-Sunnyside-West Maspeth,39955,40.743509,-73.929076
388,,,,,s,24Q744,24,Q744,VOYAGES PREPARATORY,11373,Elmhurst,44301,40.74373,-73.870642
389,455.0,498.0,443.0,953.0,58,25Q252,25,Q252,"QUEENS SCHOOL OF INQUIRY, THE",11366,Kew Gardens Hills,76377,40.724458,-73.810216
390,314.0,417.0,318.0,731.0,45,25Q263,25,Q263,FLUSHING INTERNATIONAL HIGH SCHOOL,11355,Murray Hill,38623,40.759844,-73.820548
391,416.0,463.0,392.0,879.0,59,25Q281,25,Q281,EASTsWEST SCHOOL OF INTERNATIONAL STUDIES,11355,Flushing,38623,40.749545,-73.822073
392,471.0,489.0,481.0,960.0,63,25Q285,25,Q285,WORLD JOURNALISM PREPARATORY: A COLLEGE BOARD SCHOOL,11358,Auburndale,66312,40.765133,-73.790083
393,397.0,451.0,395.0,848.0,558,25Q425,25,Q425,JOHN BOWNE HIGH SCHOOL,11367,Kew Gardens Hills,53564,40.738139,-73.824944
394,393.0,441.0,382.0,834.0,347,25Q460,25,Q460,FLUSHING HIGH SCHOOL,11354,Flushing,50019,40.765166,-73.82789
395,378.0,373.0,344.0,751.0,9,25Q467,25,Q467,FLUSHING YABC,-,-,-,-,-
396,621.0,651.0,638.0,1272.0,278,25Q525,25,Q525,TOWNSEND HARRIS HIGH SCHOOL,11367,Kew Gardens Hills,53564,40.73439,-73.821392
397,398.0,382.0,388.0,780.0,17,25Q540,25,Q540,QUEENS ACADEMY HIGH SCHOOL,11354,Flushing,50019,40.765162,-73.8288
398,431.0,458.0,441.0,889.0,99,25Q670,25,Q670,ROBERT F. KENNEDY COMMUNITY HIGH SCHOOL,11366,Kew Gardens Hills,76377,40.725603,-73.810697
399,379.0,421.0,377.0,800.0,7,25Q792,25,Q792,NORTH QUEENS COMMUNITY HIGH SCHOOL,11367,Kew Gardens Hills,53564,40.720359,-73.819792
400,480.0,545.0,489.0,1025.0,888,26Q415,26,Q415,BENJAMIN N. CARDOZO HIGH SCHOOL,11364,Oakland Gardens,65776,40.752333,-73.75599
401,468.0,539.0,467.0,1007.0,934,26Q430,26,Q430,FRANCIS LEWIS HIGH SCHOOL,11365,Auburndale,61097,40.740724,-73.79283
402,391.0,397.0,384.0,788.0,334,26Q435,26,Q435,MARTIN VAN BUREN HIGH SCHOOL,11427,Bellerose,57224,40.733066,-73.738756
403,462.0,523.0,464.0,985.0,708,26Q495,26,Q495,BAYSIDE HIGH SCHOOL,11361,Bayside-Bayside Hills,70983,40.771755,-73.780296
404,425.0,434.0,420.0,859.0,175,26Q566,26,Q566,"QUEENS HIGH SCHOOL OF TEACHING, LIBERAL ARTS AND THE SCIENCES",11426,Bellerose,74452,40.746088,-73.727535
405,387.0,385.0,373.0,772.0,87,27Q260,27,Q260,FREDERICK DOUGLASS ACADEMY VI HIGH SCHOOL,11691,Far Rockaway-Bayswater,35645,40.60201,-73.762795
406,432.0,419.0,401.0,851.0,74,27Q262,27,Q262,CHANNEL VIEW SCHOOL FOR RESEARCH,11694,Breezy Point-Belle Harbor-Rockaway Park-Broad Channel,75157,40.586066,-73.822624
407,391.0,401.0,364.0,792.0,44,27Q302,27,Q302,"QUEENS HIGH SCHOOL FOR INFORMATION, RESEARCH, AND TECHNOLOGY",11691,Far Rockaway-Bayswater,35645,40.60201,-73.762795
408,423.0,426.0,416.0,849.0,93,27Q308,27,Q308,ROBERT H. GODDARD HIGH SCHOOL OF COMMUNICATION ARTS AND TECHNOLOGY,11417,Ozone Park,56102,40.67124,-73.845141
409,367.0,379.0,348.0,746.0,36,27Q309,27,Q309,ACADEMY OF MEDICAL TECHNOLOGY: A COLLEGE BOARD SCHOOL,11691,Far Rockaway-Bayswater,35645,40.60201,-73.762795
410,499.0,537.0,496.0,1036.0,89,27Q323,27,Q323,SCHOLARS' ACADEMY,11694,Breezy Point-Belle Harbor-Rockaway Park-Broad Channel,75157,40.584109,-73.825711
411,377.0,371.0,360.0,748.0,101,27Q400,27,Q400,AUGUST MARTIN HIGH SCHOOL,11434,Springfield Gardens North,51640,40.675633,-73.783342
412,384.0,396.0,354.0,780.0,78,27Q410,27,Q410,BEACH CHANNEL HIGH SCHOOL,-,-,-,-,-
413,382.0,404.0,368.0,786.0,404,27Q475,27,Q475,RICHMOND HILL HIGH SCHOOL,11418,Richmond Hill,57063,40.695888,-73.833681
414,391.0,409.0,392.0,800.0,403,27Q480,27,Q480,JOHN ADAMS HIGH SCHOOL,11417,South Ozone Park,56102,40.679639,-73.837298
415,429.0,491.0,425.0,920.0,194,27Q650,27,Q650,"HIGH SCHOOL FOR CONSTRUCTION TRADES, ENGINEERING AND ARCHITECTURE",11416,Richmond Hill,46712,40.689591,-73.840717
416,,,,,s,28Q284,28,Q284,YORK EARLY COLLEGE ACADEMY,11433,South Jamaica,41780,40.69719,-73.787192
417,420.0,445.0,400.0,865.0,68,28Q310,28,Q310,QUEENS COLLEGIATE: A COLLEGE BOARD SCHOOL,11432,Briarwood-Jamaica Hills,50291,40.713218,-73.797237
418,,,,,s,28Q325,28,Q325,HILLSIDE ARTS & LETTERS ACADEMY,11432,Briarwood-Jamaica Hills,50291,40.713218,-73.797237
419,403.0,408.0,367.0,811.0,6,28Q338,28,Q338,QUEENS SATELLITE HIGH SCHOOL FOR OPPORTUNITY,11432,Jamaica,50291,40.70848,-73.800065
420,430.0,452.0,425.0,882.0,25,28Q350,28,Q350,JAMAICA GATEWAY TO THE SCIENCES,11432,Briarwood-Jamaica Hills,50291,40.713218,-73.797237
421,456.0,497.0,454.0,953.0,762,28Q440,28,Q440,FOREST HILLS HIGH SCHOOL,11375,Forest Hills,69446,40.729402,-73.845637
422,342.0,368.0,353.0,710.0,90,28Q470,28,Q470,JAMAICA HIGH SCHOOL,-,-,-,-,-
423,395.0,413.0,386.0,808.0,462,28Q505,28,Q505,HILLCREST HIGH SCHOOL,11432,Briarwood-Jamaica Hills,50291,40.709446,-73.80166
424,452.0,478.0,442.0,930.0,422,28Q620,28,Q620,THOMAS A. EDISON CAREER AND TECHNICAL EDUCATION HIGH SCHOOL,11432,Briarwood-Jamaica Hills,50291,40.715389,-73.800369
425,513.0,523.0,502.0,1036.0,99,28Q680,28,Q680,QUEENS GATEWAY TO HEALTH SCIENCES SECONDARY SCHOOL,11432,Pomonok-Flushing Heights-Hillcrest,50291,40.718831,-73.806499
426,,,,,s,28Q686,28,Q686,QUEENS METROPOLITAN HIGH SCHOOL,11375,Forest Hills,69446,40.711367,-73.856698
427,612.0,660.0,596.0,1272.0,121,28Q687,28,Q687,QUEENS HIGH SCHOOL FOR THE SCIENCES AT YORK COLLEGE,11433,Jamaica,41780,40.701049,-73.798151
428,406.0,406.0,384.0,812.0,74,28Q690,28,Q690,HIGH SCHOOL FOR LAW ENFORCEMENT AND PUBLIC SAFETY,11434,Baisley Park,51640,40.686208,-73.784144
429,439.0,445.0,432.0,884.0,68,28Q896,28,Q896,"YOUNG WOMEN'S LEADERSHIP SCHOOL, QUEENS",11432,Briarwood-Jamaica Hills,50291,40.707527,-73.806412
430,360.0,380.0,359.0,740.0,52,29Q248,29,Q248,QUEENS PREPARATORY ACADEMY,11413,Springfield Gardens North,77058,40.668235,-73.756839
431,401.0,397.0,375.0,798.0,46,29Q259,29,Q259,PATHWAYS COLLEGE PREPARATORY SCHOOL: A COLLEGE BOARD SCHOOL,11412,Hollis,67395,40.70646,-73.753579
432,402.0,398.0,402.0,800.0,49,29Q265,29,Q265,EXCELSIOR PREPARATORY HIGH SCHOOL,11413,Springfield Gardens North,77058,40.668235,-73.756839
433,436.0,427.0,424.0,863.0,59,29Q272,29,Q272,GEORGE WASHINGTON CARVER HIGH SCHOOL FOR THE SCIENCES,11413,Springfield Gardens North,77058,40.668235,-73.756839
434,370.0,367.0,363.0,737.0,43,29Q283,29,Q283,PREPARATORY ACADEMY FOR WRITERS: A COLLEGE BOARD SCHOOL,11413,Springfield Gardens North,77058,40.668235,-73.756839
435,,,,,s,29Q326,29,Q326,CAMBRIA HEIGHTS ACADEMY,11423,Jamaica,64756,40.711849,-73.771195
436,400.0,426.0,394.0,826.0,78,29Q492,29,Q492,"MATHEMATICS, SCIENCE RESEARCH AND TECHNOLOGY MAGNET HIGH SCHOOL",11411,Cambria Heights,69131,40.697819,-73.745728
437,385.0,377.0,377.0,762.0,52,29Q494,29,Q494,"LAW, GOVERNMENT AND COMMUNITY SERVICE HIGH SCHOOL",-,-,-,-,-
438,379.0,414.0,359.0,793.0,49,29Q496,29,Q496,"BUSINESS, COMPUTER APPLICATIONS & ENTREPRENEURSHIP HIGH SCHOOL",-,-,-,-,-
439,393.0,381.0,377.0,774.0,62,29Q498,29,Q498,HUMANITIES & ARTS MAGNET HIGH SCHOOL,11411,Cambria Heights,69131,40.697819,-73.745728
440,,,,,s,30Q286,30,Q286,"YOUNG WOMEN'S LEADERSHIP SCHOOL, ASTORIA",11102,Old Astoria,48399,40.771215,-73.924591
441,410.0,440.0,405.0,850.0,98,30Q301,30,Q301,ACADEMY FOR CAREERS IN TELEVISION AND FILM,11101,Hunters Point-Sunnyside-West Maspeth,39955,40.742956,-73.959196
442,414.0,449.0,412.0,863.0,395,30Q445,30,Q445,WILLIAM CULLEN BRYANT HIGH SCHOOL,11103,Astoria,52494,40.75823,-73.910514
443,403.0,420.0,395.0,823.0,392,30Q450,30,Q450,LONG ISLAND CITY HIGH SCHOOL,11106,Astoria,44030,40.765826,-73.9328
444,504.0,496.0,494.0,1000.0,174,30Q501,30,Q501,FRANK SINATRA SCHOOL OF THE ARTS HIGH SCHOOL,11106,Astoria,44030,40.756534,-73.925121
445,407.0,434.0,398.0,841.0,148,30Q502,30,Q502,INFORMATION TECHNOLOGY HIGH SCHOOL,11101,Hunters Point-Sunnyside-West Maspeth,39955,40.748701,-73.94638
446,323.0,475.0,329.0,798.0,143,30Q555,30,Q555,NEWCOMERS HIGH SCHOOL,11101,Queensbridge-Ravenswood-Long Island City,39955,40.751356,-73.937445
447,487.0,492.0,491.0,979.0,135,30Q575,30,Q575,ACADEMY OF AMERICAN STUDIES,11101,Queensbridge-Ravenswood-Long Island City,39955,40.751331,-73.937434
448,524.0,568.0,544.0,1092.0,61,30Q580,30,Q580,BACCALAUREATE SCHOOL FOR GLOBAL EDUCATION,11106,Queensbridge-Ravenswood-Long Island City,44030,40.755366,-73.927169
449,452.0,451.0,450.0,903.0,137,31R047,31,R047,CSI HIGH SCHOOL FOR INTERNATIONAL STUDIES,10314,Todt Hill-Emerson Hill-Heartland Village-Lighthouse Hill,78413,40.581315,-74.158589
450,398.0,412.0,385.0,810.0,61,31R064,31,R064,GAYNOR MCCOWN EXPEDITIONARY LEARNING SCHOOL,10314,Todt Hill-Emerson Hill-Heartland Village-Lighthouse Hill,78413,40.581315,-74.158589
451,472.0,488.0,466.0,960.0,107,31R080,31,R080,THE MICHAEL J. PETRIDES SCHOOL,10301,Todt Hill-Emerson Hill-Heartland Village-Lighthouse Hill,56776,40.608517,-74.102078
452,424.0,437.0,416.0,861.0,391,31R440,31,R440,NEW DORP HIGH SCHOOL,10306,New Dorp-Midland Beach,75212,40.569393,-74.107737
453,424.0,438.0,417.0,862.0,271,31R445,31,R445,PORT RICHMOND HIGH SCHOOL,10302,Port Richmond,59919,40.634573,-74.141818
454,437.0,435.0,429.0,872.0,375,31R450,31,R450,CURTIS HIGH SCHOOL,10301,West New Brighton-New Brighton-St. George,56776,40.644735,-74.081222
455,462.0,486.0,470.0,948.0,807,31R455,31,R455,TOTTENVILLE HIGH SCHOOL,10312,Annadale-Huguenot-Prince's Bay-Eltingville,84524,40.528092,-74.192032
456,455.0,474.0,459.0,929.0,535,31R460,31,R460,SUSAN E. WAGNER HIGH SCHOOL,10314,Todt Hill-Emerson Hill-Heartland Village-Lighthouse Hill,78413,40.596803,-74.124227
457,466.0,455.0,414.0,921.0,10,31R470,31,R470,CONCORD HIGH SCHOOL,10304,Grymes Hill-Clifton-Fox Hills,46260,40.610868,-74.087379
458,416.0,422.0,397.0,838.0,94,31R600,31,R600,RALPH R. MCKEE CAREER AND TECHNICAL EDUCATION HIGH SCHOOL,10301,West New Brighton-New Brighton-St. George,56776,40.642793,-74.07873
459,635.0,682.0,636.0,1317.0,227,31R605,31,R605,STATEN ISLAND TECHNICAL HIGH SCHOOL,10306,New Dorp-Midland Beach,75212,40.567873,-74.115373
460,405.0,375.0,370.0,780.0,10,31R607,31,R607,YOUNG ADULT BOROUGH CENTER AT STATEN IS TECH HS,-,-,-,-,-
461,380.0,366.0,352.0,746.0,50,32K403,32,K403,ACADEMY FOR ENVIRONMENTAL LEADERSHIP,11237,Bushwick North,35354,40.69697,-73.910791
462,384.0,409.0,361.0,793.0,88,32K545,32,K545,EBC HIGH SCHOOL FOR PUBLIC SERVICEBUSHWICK,11221,Bushwick South,34005,40.694507,-73.929107
463,348.0,353.0,334.0,701.0,75,32K549,32,K549,BUSHWICK SCHOOL FOR SOCIAL JUSTICE,11237,Bushwick North,35354,40.69697,-73.910791
464,342.0,364.0,354.0,706.0,67,32K552,32,K552,ACADEMY OF URBAN PLANNING,11237,Bushwick North,35354,40.69697,-73.910791
465,428.0,465.0,422.0,893.0,39,32K554,32,K554,ALL CITY LEADERSHIP SECONDARY SCHOOL,11237,Bushwick North,35354,40.69737,-73.913171
466,347.0,358.0,350.0,705.0,23,32K556,32,K556,BUSHWICK LEADERS HIGH SCHOOL FOR ACADEMIC EXCELLENCE,11221,Bushwick South,34005,40.695056,-73.92814
467,359.0,317.0,358.0,676.0,24,32K564,32,K564,BUSHWICK COMMUNITY HIGH SCHOOL,11221,Bushwick North,34005,40.695362,-73.915142
468,,,,,s,75K371,75,K371,P.S. 371 s LILLIAN L. RASHKIS,11232,Sunset Park West,34807,40.654293,-74.005889
469,,,,,s,75M035,75,M035,P.S. 035,10019,Clinton,84786,40.763866,-73.985939
470,,,,,s,75Q256,75,Q256,P.S. Q256,11791,-,136222,,
471,429.0,444.0,433.0,873.0,32,75Q811,75,Q811,P.S. Q811,11362,Douglas Manor-Douglaston-Little Neck,74826,40.756778,-73.729487
472,,,,,s,75R025,75,R025,SOUTH RICHMOND HIGH SCHOOL I.S./P.S. 25,10309,Annadale-Huguenot-Prince's Bay-Eltingville,84917,40.508809,-74.222403
473,,,,,s,75X012,75,X012,P.S. X012 LEWIS AND CLARK SCHOOL,10461,Van Nest-Morris Park-Westchester Square,47715,40.840145,-73.844419
474,,,,,s,75X754,75,X754,J. M. RAPPORT SCHOOL CAREER DEVELOPMENT,10455,Mott Haven-Port Morris,22828,40.811162,-73.909804
475,,,,,s,79M645,79,M645,SCHOOL FOR COOPERATIVE TECHNICAL EDUCATION,-,-,-,-,-
476,496.0,400.0,426.0,896.0,8,79Q950,79,Q950,GED PLUS s CITYWIDE,-,-,-,-,-
477,367.0,370.0,360.0,737.0,9,79X490,79,X490,PHOENIX ACADEMY,-,-,-,-,-
